,Email,Avatar,Avg. Session Length,Time on App,Time on Website,Length of Membership,Yearly Amount Spent,City,State
0,fernandez.com,Violet,34.49726772511229,12.655651149166752,39.57766801952616,4.082620632952961,587.9510539684005,Wrightmouth,MI
1,hotmail.com,DarkGreen,31.92627202636016,11.109460728682564,37.268958868297744,2.66403418213262,392.2049334443264,Diazchester,CA
2,yahoo.com,Bisque,33.000914755642675,11.330278057777512,37.11059744212085,4.104543202376424,487.54750486747207,Cobbborough,DC
3,gmail.com,SaddleBrown,34.30555662975554,13.717513665142508,36.72128267790313,3.120178782748092,581.8523440352178,Port Jason,OH
4,davidson-herman.com,MediumAquaMarine,33.33067252364639,12.795188551078114,37.53665330059473,4.446308318351435,599.4060920457634,Port Jacobville,PR
5,lucas.biz,FloralWhite,33.87103787934198,12.026925339755058,34.47687762925054,5.493507201364199,637.102447915074,Jeffreychester,MN
6,yahoo.com,DarkSlateBlue,32.02159550138701,11.366348309710526,36.683776152869605,4.685017246570912,521.5721747578274,Josephbury,WV
7,yahoo.com,Aqua,32.739142938380326,12.35195897300293,37.373358858547554,4.4342734348999375,549.9041461052942,DPO AP 09026-4941,DPO
8,walter-martinez.com,Salmon,33.98777289568564,13.386235275676434,37.534497341555735,3.2734335777477144,570.2004089636195,West Debra,SD
9,lin.biz,Brown,31.936548618448917,11.814128294972196,37.14516822352819,3.202806071553459,427.19938489532814,APO AA 98456-7482,APO
10,peterson.com,Tomato,33.99257277495374,13.338975447662111,37.22580613162114,2.482607770510596,492.6060127179966,Alexandriaport,WY
11,freeman.biz,Tomato,33.87936082480498,11.584782999535266,37.087926070983805,3.71320920294043,522.3374046069357,DPO AA 07580-2652,DPO
12,gmail.com,RoyalBlue,29.532428967057943,10.961298400154098,37.42021557502538,4.046423164299585,408.64035107262754,Lake Shanestad,MO
13,yahoo.com,Bisque,33.19033404372265,12.959226091609382,36.14466670004192,3.918541839158999,573.4158673313865,New Stephaniehaven,MP
14,gmail.com,DarkBlue,32.38797585315387,13.148725692056516,36.61995708279922,2.494543646659249,470.45273330095546,Samanthaland,ND
15,anderson.com,Peru,30.737720372628186,12.636606052000127,36.213763093698624,3.357846842326294,461.7807421962299,Phillipstad,OH
16,gmail.com,PowderBlue,32.12538689728784,11.733861690857392,34.8940927514398,3.1361327164897803,457.84769594494855,Johnsonfurt,GA
17,hale-bauer.biz,OliveDrab,32.33889932306719,12.0131946940144,38.38513659413844,2.420806160901484,407.7045475495441,Wilsonton,PW
18,hotmail.com,Cyan,32.187812045932155,14.7153875441565,38.24411459434352,1.516575580831944,452.31567548003545,Port Dannytown,PW
19,love-west.net,LightSeaGreen,32.61785606282345,13.989592555825254,37.19050380039796,4.064548550437977,605.061038804892,North Johnview,MT
20,gmail.com,PeachPuff,32.91278511115979,11.365492025516156,37.60779252420698,4.599937357614995,534.7057438060227,North Teresa,KY
21,yahoo.com,Black,33.50308725671972,12.87798369625634,37.44102133556604,1.559151939957077,419.9387748391792,APO AE 15445-2876,APO
22,hotmail.com,Olive,31.531604482572902,13.378562784168986,38.73400628989712,2.2451477874052825,436.51560572936256,APO AA 74738,APO
23,hernandez-townsend.com,Silver,32.903250973372074,11.657575922065584,36.77260376125875,3.919302308553184,519.3409891307888,FPO AA 85439-9449,FPO
24,yahoo.com,Wheat,34.50755099852662,12.893669504071738,37.63575587790592,5.705153970601026,700.9170916173961,Nicholsbury,WV
25,mcconnell.com,Teal,33.02933195350689,11.765812645482358,37.73852494557909,2.7217359920452187,423.17999168059777,Glassport,ND
26,schaefer-carr.net,Linen,33.54123131310037,12.78389178427502,36.430649621049305,4.648199316428601,619.8956398616368,Hancockchester,VI
27,yahoo.com,MediumSlateBlue,32.33598963740772,13.007819424388568,37.85177916943607,2.996364526268539,486.83893476506273,Port Kaitlin,TX
28,martinez.info,LemonChiffon,33.11020505771776,11.982044994015611,35.29308775436051,3.923488745527437,529.537665336851,Youngberg,MS
29,hotmail.com,DarkOrchid,33.10543794246846,11.965020002997898,37.27781174207212,4.742577519573315,554.7220838330761,East Crystalview,SC
30,gmail.com,SeaGreen,33.24190043446127,12.305417813429443,36.16364817104465,3.062368145311689,497.5866713004408,Meyerstown,WA
31,hotmail.com,SteelBlue,33.46105629551836,10.869163814130363,35.62244242064545,3.471413452477678,447.6879065360586,Chandlertown,DC
32,page-fleming.com,DarkMagenta,32.175501237949376,13.387492105579694,35.69417498569782,4.343062915388998,588.7126055095755,FPO AA 26496,FPO
33,gmail.com,DarkGoldenRod,32.72836000313375,13.1045072428758,38.878040506759845,2.8200972339734696,491.0732236795197,East Audrey,NJ
34,lee-wilson.com,DarkSeaGreen,32.82030994541536,11.634893252550466,35.36862632536302,4.1245852967146535,507.4418323396167,Ramirezberg,MS
35,hotmail.com,Gainsboro,33.61603789276768,11.936386499892285,38.76864099802668,3.649286157714702,521.8835731664784,New Mariahaven,NH
36,gmail.com,HotPink,31.72165236050904,11.75502370305383,36.7657223578584,1.8473704233395083,347.7769266318726,East Amanda,PW
37,bailey-gordon.net,LightSeaGreen,32.8653271748764,11.984417523634924,37.0443614002997,3.452388582630727,490.7386321439546,East Amberhaven,MI
38,hotmail.com,HoneyDew,32.74936818112046,9.954975969174418,37.38831486719822,4.650491269094463,478.1703340540876,Beasleyburgh,ME
39,hill-leach.info,WhiteSmoke,32.56723048027511,12.489013215743665,36.37147981406854,4.22243622534277,537.8461952695957,Malloryland,ID
40,little.org,GhostWhite,32.07054622092545,11.733106220383402,37.53429101112127,4.671275460906252,532.7517875818365,Lake Jack,TN
41,yahoo.com,DarkSlateBlue,33.01954798572344,10.634561317920278,37.49669014561275,4.646119976606155,501.8744302842695,Brandishire,AK
42,elliott.com,Chocolate,33.79203907501622,12.507525374016035,37.14286198458455,4.214495086037866,591.1971781805905,North Matthewmouth,KY
43,dorsey.net,HoneyDew,32.89398062181101,11.52987820576495,36.888086054199256,4.643258549800133,547.2443434159983,Marciashire,DE
44,gmail.com,Snow,32.04448612744043,13.41493473585169,36.11243501077792,2.258686386946843,448.22982918655,FPO AE 32122-5711,FPO
45,yahoo.com,BurlyWood,34.555767994657494,12.170525424959395,39.13109673366661,3.663105491283854,549.860590464497,New Ashleyfort,FM
46,gmail.com,Moccasin,34.56455770619167,13.14655143290706,37.33544589432572,3.8768751769237673,593.915002968289,Thomasmouth,HI
47,chung.com,BlueViolet,32.726784597863976,12.988510147185291,36.46200325853961,4.113226122724209,563.6728733601082,Kleinburgh,KS
48,hotmail.com,MediumBlue,33.117218732994786,11.86412635894251,36.58272776540628,3.202531199210734,479.73194908594513,Romerofurt,NC
49,garcia-nelson.biz,GreenYellow,31.66104982274608,11.398064190096813,36.59445670006827,3.198399271684906,416.3583535799008,West Jessica,TN
50,gmail.com,SandyBrown,33.25633546983111,13.85806246213124,37.78026468722867,5.97676812602,725.5848140556805,Samanthatown,UT
51,maldonado-gonzalez.net,MediumVioletRed,33.90022441401576,10.956790967791653,37.266878259420906,2.952668957921736,442.667251738628,Williamview,MS
52,west.info,DarkBlue,34.18777482695728,10.320116255059192,37.45340510152358,2.0948917061051766,384.6265715694054,North Miguel,CA
53,yahoo.com,SandyBrown,33.76206923913139,9.98451439654646,35.93344930095986,3.85547168456418,451.4574468676027,Lake Stevenchester,AL
54,mcgee.com,DarkOliveGreen,34.390163664343326,12.64519514084352,38.46832110587932,2.874596910303952,522.40414125956,APO AA 55271-2375,APO
55,fowler.info,GreenYellow,33.92529660119954,11.588655423353044,35.25224202243303,3.3920504890738385,483.6733080190456,Port Tammy,LA
56,hotmail.com,DarkSalmon,32.68822929602445,13.761532847115612,39.25293095040623,2.995761182613056,520.8987944502368,Melaniestad,NE
57,gmail.com,DarkSeaGreen,34.3018702154015,10.56829468563276,36.17312563197192,3.315224753915403,453.16950235469744,Robinsonstad,OR
58,gmail.com,DeepPink,32.843930222655175,11.832286222863628,36.81401056250368,3.4719191365417483,496.650708068581,West Danielle,SD
59,martin-morgan.com,Olive,33.75499472831927,12.06415663219932,37.271221692501925,3.9705556280753487,547.3651405940458,FPO AA 73568-0730,FPO
60,yahoo.com,SkyBlue,33.879784289702826,12.495591602384836,38.05260975257308,4.639320331857264,616.8515229667128,Rodriguezberg,MN
61,yahoo.com,Magenta,33.07653560709715,9.607314687519166,36.49399254673739,5.081210092491108,507.21256900067846,Jessicaville,CT
62,gmail.com,DarkTurquoise,32.22729913636721,13.728627177429864,37.99702800956553,4.802630630523376,613.5993233689068,Brownland,WA
63,ryan.biz,Silver,32.789772618310714,11.670065919118978,37.4087484767376,3.414688422504897,483.15972078451705,Trevorton,MA
64,gmail.com,SpringGreen,32.77260992960089,13.276313008175377,36.60077705432864,3.462298847460372,540.2634004105403,South Jamiechester,DE
65,diaz.org,OliveDrab,34.374258045247466,15.126994288792469,37.15762409406526,5.377593583586978,765.5184619388372,Port Jeffrey,IN
66,contreras.info,Aqua,33.0787172146689,12.695789749023144,35.358444307206696,4.001786345798084,553.6015346844503,Lake Matthew,MS
67,burgess.com,OrangeRed,32.80522040097184,11.835476087614284,36.375066106372905,3.4395905595500764,469.3108614953106,New Lori,AZ
68,anthony.com,LimeGreen,32.43075793005128,11.306232344673576,37.68040322813719,2.7795207192736093,408.62018782983785,APO AE 05113-1257,APO
69,hicks-smith.com,SkyBlue,32.179099972602344,11.187538910878676,40.005181638101895,3.5526497674265176,451.575685159493,West Sarah,MH
70,peterson-yates.com,LightGreen,33.15417578832186,11.887494133971662,36.265000697022046,2.6022871120328714,444.96655165329264,East Katie,NC
71,hotmail.com,SandyBrown,34.33589583979252,12.2289347111239,36.1571911511149,4.694322274442824,595.8228366992037,DPO AP 27478,DPO
72,yahoo.com,Teal,32.38625185558597,10.674653472691904,38.00658317947767,3.4015223445155094,418.1500810968496,West Kendraberg,HI
73,ferguson.info,LightYellow,32.80869759268502,12.817113090284248,37.03153921676629,3.8515788003584657,534.7771880994133,Walkerport,NY
74,gmail.com,MintCream,33.87974496798125,13.5878060830337,38.260353442660126,3.25811288288828,578.2416050583773,Harrisstad,MH
75,hotmail.com,DimGray,32.04983939045731,12.238057349986248,38.73086173541955,3.120568914816974,478.7193568742153,Maryside,CO
76,richards.com,Indigo,33.55520742143224,11.55182116621942,36.628834292811774,2.837943164069798,444.2859074976436,Mathistown,CO
77,yahoo.com,LightSalmon,33.14207932732039,11.433379933334455,35.89243163440533,4.470282584120023,544.7798637193825,APO AE 75496-3580,APO
78,gmail.com,GreenYellow,32.59718265981362,10.889566863427978,38.21257083414733,4.442054329011166,488.7860610939056,Lake Hollyberg,IN
79,gmail.com,DeepSkyBlue,33.167136876950536,11.928842093866267,36.91463331144087,3.164943995285113,475.759067788328,East Mark,IA
80,saunders.info,DarkGreen,31.514737857801983,12.595671305072534,39.6003764658614,3.7517345520890513,489.8124879964614,Lake Kyle,GU
81,ramos.com,LimeGreen,34.59402114954151,10.947258584185183,35.88399438701215,3.159754443950926,462.8976361529081,Traceytown,IN
82,hotmail.com,DarkGoldenRod,33.50136982210362,13.898081993497067,37.0589128165069,4.130562809236323,596.4301726172283,Mcintoshchester,IA
83,murphy-harris.info,Turquoise,32.40237101796123,10.875559548189257,37.78114255999947,1.9140899242311,338.3198626415221,FPO AP 43708-2468,FPO
84,yahoo.com,LightGreen,34.65548567957987,10.33807269503854,36.15725594420065,4.396651901097083,533.5149352552407,Hannahstad,NC
85,boyer-pratt.com,LightSteelBlue,31.809300316679188,11.634668217942473,36.182539282355286,5.113319474870622,536.7718993628412,South Jason,WV
86,jones.info,Cornsilk,33.877779300122526,12.517666287393077,37.15192066097144,2.669941624279581,487.3793060170291,Allenbury,TX
87,hotmail.com,LemonChiffon,34.447871436480774,10.607723870859086,36.81909551318471,3.3664637433729325,473.7289665129948,New Justinborough,AK
88,wagner-thomas.com,DarkKhaki,31.956300560523367,12.8288933950187,36.951616684246815,4.571213023779052,547.1259317471988,Lake Amberland,VI
89,briggs.com,FireBrick,32.6055836415705,12.068816079691766,36.1050004999139,3.917451119136939,505.1133435398579,Jonathanfort,AL
90,hotmail.com,LightSeaGreen,32.49144660312287,12.530357373542882,37.87521910003027,2.476139050596411,449.0703194428044,North Barryport,AS
91,rosales.com,SlateGray,33.616018552595435,13.516284296962846,36.77312349371806,4.125584363255396,611.0000251040717,FPO AE 43987-0470,FPO
92,yahoo.com,Crimson,33.47160052695171,11.662263431208276,36.05024078202619,3.9972553776226674,515.8288148548279,Adamsland,RI
93,davis.com,MidnightBlue,33.71065305912268,13.664747875183542,37.72438615760942,1.3626740800013843,439.074766741645,Barbershire,SD
94,hotmail.com,DarkGoldenRod,32.19772379742183,11.83023109487895,36.63385670229112,4.193324635532072,514.088957746572,North Jamesburgh,VA
95,gmail.com,DarkCyan,32.46121244511541,13.291143045352882,38.633625651583536,3.871003400176416,543.340166256701,West Carriefurt,NC
96,ryan.info,SteelBlue,33.790387206952126,11.942340869536071,38.06341358683894,4.08180269478151,521.1429518103512,Stewartstad,DE
97,gmail.com,OldLace,34.18382052058911,13.349912944366531,37.827394227862136,4.252006105620936,614.7153338263417,FPO AE 35617-5384,FPO
98,munoz.com,MediumBlue,32.288666909138946,12.020112091208748,39.074400211336965,3.911708668370663,507.39006178986654,FPO AP 92946,FPO
99,mcdonald-smith.biz,Gray,33.82635200907213,12.084091730811034,35.89035795567322,3.021671821710012,495.2994425473086,New Stephenberg,MD
100,gmail.com,LightPink,32.49839307472945,13.410759184940549,35.9904889547585,3.184618661620886,518.0645579840107,North Rosemouth,FM
101,yahoo.com,BlanchedAlmond,31.88540629991176,11.281931074103642,37.385317552778375,2.877224878259828,390.1032729724755,Leeborough,WV
102,sanchez-velasquez.info,Wheat,32.425697279750864,11.448901535513796,37.58019042917731,2.5869679851624765,420.7376732446371,Mckinneyborough,OK
103,williams.com,Aqua,33.43782956230187,12.595420346380532,36.26203180012439,2.9696402266327597,492.1050523891852,North Tracy,WI
104,hess.net,BlueViolet,31.3895854806644,10.994223919350974,38.07445241970454,3.4288599039280125,410.06961105998295,Mariaview,VT
105,hotmail.com,CadetBlue,33.46869994900622,13.085505760060858,35.84582711383271,2.926940235492512,497.5136833293677,Kaylafurt,FL
106,ford.biz,PaleTurquoise,32.291756100263015,12.190474287309026,36.15246208860067,3.781823039343296,494.55186108657256,North Keithville,IL
107,gmail.com,DimGray,32.0637746203137,10.719149740628396,37.71250863884946,3.004742535925674,378.3309069068038,Matthewchester,MH
108,hotmail.com,Moccasin,33.15569970295208,12.931550271647987,38.16643555663392,3.854473855602962,570.451725912857,Alexandershire,MO
109,gmail.com,Chartreuse,33.35687434475742,13.45212895943564,38.5030088492416,3.318822278930894,549.0082269346927,New Deborahview,MP
110,yahoo.com,Khaki,31.85307480174657,12.149375491578276,37.32533422381935,3.361814624383144,459.285123462352,South Shelley,NV
111,yahoo.com,MediumSpringGreen,32.01230076824544,12.178331333996288,37.71598617762173,3.722561172893833,492.94505306595823,Davidville,TX
112,yahoo.com,LemonChiffon,32.388451625505326,11.010482132400076,38.415041581538325,3.5435470501829984,424.7626355099111,Williamside,PA
113,hotmail.com,PeachPuff,32.65318145878372,11.60253219348616,37.3096887708795,2.789461516374708,422.42677587650905,Maxwellville,NC
114,yahoo.com,Lime,32.93133644189654,12.732211588456623,35.60082054911087,5.4859767341605234,642.1015787311585,North Lukeborough,AL
115,hotmail.com,Tomato,33.235606500693855,11.223368888365105,37.69230086128235,2.59418972057778,413.3717831104521,South Andrewmouth,MS
116,hunter.com,SlateBlue,33.92579489547876,12.01102187657459,36.701052315547926,2.753424168758119,479.23109291159307,Drakeville,ME
117,webb.com,Orange,33.05926409135838,11.725910097840954,35.9990993016087,5.004820577490747,593.0772413447512,Fosterton,MP
118,gmail.com,Fuchsia,32.401731827354666,12.089309572437347,38.3099078951232,3.873337568743252,506.5473070543516,New Craig,ND
119,yahoo.com,GoldenRod,33.88994100692418,13.068638584182434,37.54052035512257,3.79872531905254,571.3074948754644,APO AA 91691,APO
120,martinez-allen.com,GreenYellow,34.56938121869345,12.85499036656409,35.00748225744693,3.292797662575647,576.311177371677,Vincentstad,VA
121,donaldson.info,ForestGreen,33.70160519868888,11.56402236806554,37.67321036564864,4.716104987209577,576.8025473995871,South Kristaview,DC
122,hotmail.com,Moccasin,33.26833021768797,11.113329897404322,37.38794554263559,4.018726609737513,514.239520718957,Wattsbury,OH
123,garcia.com,Indigo,31.358477192437007,12.809883473378118,36.5496679900966,3.637701279515837,495.17595044947535,Lake Stevenfort,KY
124,day.org,SlateBlue,33.01479221522831,11.76117232548311,37.57016384471318,3.834169666632599,514.3365582674007,North Luis,IL
125,hotmail.com,Cyan,31.57613197132227,12.57989417361806,37.09326487011031,4.531986606666632,541.2265839893283,Port Brettmouth,KY
126,gmail.com,MintCream,32.657268594778124,11.957923064554109,36.63465232853774,4.106055151602658,516.8315566841785,New Jameston,SC
127,harrison.com,Lime,34.709323296131586,10.651793783474174,37.14600652898046,3.2182653850978555,468.4457372274064,Lake Debra,AS
128,yahoo.com,Moccasin,34.5366591798774,12.75207661096469,36.71413783923341,3.283663455404016,548.2803201983364,APO AE 66950-0088,APO
129,norris.com,Green,32.771715009701,11.540832436151057,37.526421027792445,2.924020724598205,431.6177337614297,Andersontown,AS
130,hotmail.com,LightSkyBlue,33.700400456822415,11.924394923280015,37.245032469967526,3.90525030898213,552.9403454501057,North Barbara,WI
131,gmail.com,BlueViolet,32.43977025334846,12.4241304114395,38.94882502753235,4.920318406118319,573.3062222574563,Port Josephtown,OH
132,norton.net,Azure,34.31216699740784,11.810586764578169,37.41413357473937,2.473596120847858,452.627254995083,West Kylieberg,NJ
133,hansen.com,LightGray,32.45517628513712,12.759168978762087,36.599112354294384,4.131276648377655,542.7115581025776,Port Laurachester,CO
134,allen.com,DarkCyan,33.540976791782235,11.85189083494272,37.42454792226391,1.7677307075942403,407.8040306356823,Lake Travis,OR
135,hotmail.com,GreenYellow,33.358398281424215,12.70368792886871,36.10091445210865,2.72410820200549,482.3535703213531,APO AP 71071-4890,APO
136,watkins.org,Crimson,32.686129256115166,12.215252424902488,36.59436168489157,3.897115859957253,529.2300901235094,Lake Josephland,MT
137,gmail.com,MediumOrchid,34.558294609144475,11.28144500356714,36.4944064828881,2.491671541288354,433.0487690958266,Douglasshire,NM
138,hotmail.com,Sienna,33.5477479443078,10.735362917985055,37.45837473122323,3.8634254422050343,476.1914133494556,North Jo,DE
139,jones-thompson.com,Aquamarine,31.954903856634843,10.963131776054832,37.327282689879496,3.5786339003939878,439.997879939927,Port Frank,VT
140,gonzalez-grant.com,FloralWhite,31.066218161637597,11.735094549013704,36.59937399114725,3.9588922643660966,448.9332932076743,New Christopherbury,SC
141,gmail.com,SlateBlue,31.851253128608366,12.418961981005012,35.97765170714366,3.251741770306888,472.9922466667984,Hollyport,SC
142,rubio.com,Sienna,32.609282635640405,10.537307537840883,35.73055240228659,3.914384667246393,463.9235129903258,Brownstad,IN
143,chang.com,LimeGreen,32.11511906601424,11.919242397939174,39.29404346247573,1.4435150746515455,350.0582001638451,Deanburgh,OR
144,thomas.org,Teal,33.924624809512075,11.911415556879854,38.27470219571763,2.910037916541069,460.0612773912433,Allenchester,DC
145,yoder.org,WhiteSmoke,33.477190403003306,12.48806700205303,36.51838358912681,3.3455709758422434,505.7711403229565,North Frank,HI
146,lopez-montes.com,Purple,32.116400120928155,12.380694979552985,37.23200330765404,3.0895277822700096,463.484995404266,West Sherry,MA
147,lopez-greene.com,SlateGray,32.25590120444978,10.480506832694497,37.33866962178549,4.514122441132637,479.73193764530447,South Kristi,PA
148,rodriguez.com,LightPink,32.69239221858063,12.296517680733736,36.95155521050133,1.8258846690261428,424.18549428888633,Sanchezville,MI
149,carter.biz,LimeGreen,32.38473265900513,10.86160419912899,36.584437621758106,3.993656512525085,465.8893127108669,Brownburgh,CO
150,miles.com,DarkSlateBlue,34.3387293850918,10.716355140061571,38.3072040068692,2.652158304851241,426.7752159856604,North Susan,NM
151,lee.com,DimGray,32.88710464561531,12.387184173554845,37.431159098326106,6.401228837806773,684.1634310159513,Lake Matthew,DE
152,hotmail.com,CornflowerBlue,32.51021799444433,10.984835888186163,37.396497475332055,5.391275125020632,555.8925953881737,Lake Miguel,MH
153,osborne.com,DarkSlateGray,31.945395748344524,12.965761479512215,36.96638889642577,6.076653638440144,657.019923937652,Thomaschester,SC
154,hotmail.com,MidnightBlue,36.13966248879052,12.050267234380506,36.95964319393419,3.8648607392342784,595.8038188761142,West Billyside,UT
155,luna.com,LightSkyBlue,32.44952156114242,13.45772494051235,37.23880567308968,2.941410754428091,503.9783790525795,Thompsonland,WY
156,ellis.com,MediumBlue,32.29464154956504,12.44304789043987,37.32784803784372,5.084861308602489,586.1558701804728,Lake Angela,MP
157,yahoo.com,Wheat,34.60331111938746,12.207298491050794,33.91384724758464,6.922689335035807,744.2218671047146,FPO AP 19026,FPO
158,johnson.com,SpringGreen,33.5985203185533,11.586319529181234,39.09462702670515,3.6043985602569495,512.8253581285203,Michaelville,VI
159,yahoo.com,DarkRed,34.56868084571511,11.378087087773377,38.304471191707776,3.7849321101304056,528.2238093680072,Salazarburgh,NJ
160,stephens.com,Orange,32.83810016055479,12.364341604455198,38.03910938707497,3.3091823280429797,468.9135013219844,APO AE 26130-7683,APO
161,patterson.com,LightGray,33.50370517913956,12.399436075147092,35.01280603355904,0.9686221157417688,357.59143941508603,New Matthew,VI
162,hotmail.com,DarkViolet,33.30188161463884,12.54248105078634,38.31136489758187,3.768561962709896,536.4231045259343,East Christopherland,PA
163,keller-woodard.org,LimeGreen,30.879484344127498,13.280432242922112,36.93615937845674,3.585160635161344,490.2065999848546,FPO AA 87781-3935,FPO
164,gibbs.net,CadetBlue,33.15425475700075,11.795886676889108,37.65861690944284,4.520353377496559,550.0475805761635,DPO AP 44369,DPO
165,salinas.biz,DarkMagenta,32.04780097886789,12.718039174525655,37.66110668399285,3.6758488000184415,513.4505711860965,East Cristian,MH
166,carson-hansen.com,ForestGreen,33.63080076787103,12.039647840787236,38.9240870506292,2.873007508505152,497.8119300055205,Kelleystad,ND
167,hotmail.com,LightSkyBlue,34.04663802802127,12.474455453922836,35.037856159447585,4.055775961742958,578.9862585804898,Phelpsport,PA
168,scott.com,MediumAquaMarine,33.644177000440536,13.160020040286032,36.4077474507818,3.015175298743708,506.5363931400864,South Kyle,MT
169,yahoo.com,Salmon,32.65462160732388,11.052323653306688,37.63300941664362,4.717102512825834,501.74923330839226,East Joseph,MO
170,hotmail.com,LavenderBlush,33.42874704259606,10.636761083696548,37.57883524203316,2.926396448726688,421.96679418586734,Allentown,SD
171,gmail.com,Green,31.86483254809873,13.44340598514625,36.87831536782346,2.361086946869883,439.8912804768136,Spencechester,KY
172,hotmail.com,SpringGreen,34.48238804881123,13.28303286832567,35.90729842685246,4.968742673728142,666.125591725772,Langside,WI
173,gmail.com,Navy,32.529768731474434,11.747731701242175,36.93988205032054,0.8015157200042076,298.76200786180766,Lake Christophershire,NV
174,gmail.com,OliveDrab,33.432231396262715,10.859608533152713,38.83567008085342,3.669225611315444,465.1766233052969,South Michaelburgh,PR
175,yahoo.com,LightSalmon,33.30857161628053,11.691686125826353,37.480911976267066,1.7157771665531147,373.8857236969501,Matthewland,PA
176,johnson.com,RosyBrown,32.33263706834172,11.548761439776756,38.57651554990162,4.773503047345896,532.7174856761748,Lake Jessicashire,OR
177,bennett-branch.info,DeepPink,34.71345123397026,11.72400223179126,36.81385766052378,4.087837272921703,554.9007830202702,Port Benjaminview,DE
178,hotmail.com,Pink,32.635877998189926,12.178573080885846,35.6742560274292,4.131755039569861,537.7731625414566,Bryanside,TX
179,ellis-parker.org,LightGreen,33.07570303157222,12.319845062066673,37.81915511227683,3.4427992020016864,501.100245232053,Travisville,AK
180,yahoo.com,GreenYellow,32.23014911593311,11.084360836740512,37.9596843202141,4.724027439824315,517.1651355939779,Coreymouth,AR
181,torres-miles.net,Sienna,34.142863372870714,13.1777745337738,38.856041708111945,3.2309738432875563,557.5292736134538,New Stephaniechester,OR
182,price.org,DarkKhaki,32.4971984614607,12.832802836968115,37.67924462448078,2.972271382079821,493.719192978176,East Lukeburgh,FL
183,mccarthy.com,LightGray,33.12239998431699,11.509047996817198,37.25305774145061,3.182329731786818,452.1226250857849,Thompsonfurt,ME
184,zimmerman-villegas.com,DarkRed,33.088529366211525,11.85766344472502,36.0869343253416,4.806349618785283,577.2734549822936,Marthashire,NC
185,collins.com,Aqua,32.53379686092211,12.293365838346627,37.06462119956545,3.6203649883552,485.9231305248517,West Teresatown,VT
186,yahoo.com,Red,32.48426048276214,10.93325227854703,36.54550622682937,3.261324744787093,425.7450920310528,West Crystal,CA
187,alvarez-cline.info,Lavender,32.5434591695977,13.332839284456396,37.964390331775896,3.597459968849926,537.2150526997326,North Micheleberg,PR
188,harrell.net,DeepPink,32.28312306113335,10.902556227019767,36.094241952849465,4.789201624179895,524.6379646141049,Connieville,FL
189,moore.com,White,32.200798643965314,12.276981712741968,38.23260622710401,3.3164647447029107,478.8853913201482,East Richardtown,RI
190,hotmail.com,MediumSeaGreen,34.71331650656199,12.038808239866547,37.63529940965426,4.632460945972205,612.3852298963607,Hallberg,NJ
191,gmail.com,MediumPurple,32.71251232693568,11.724473856834608,37.15315160406014,3.308443000674604,476.7667241547634,Schneiderberg,IN
192,yahoo.com,LightGreen,33.69489765096749,11.202669899735568,35.49396408005127,4.015986640445781,505.1196375282037,Port Christopherberg,RI
193,gmail.com,Tan,31.57020082932026,13.378063328893631,36.33780003116479,4.369366793790984,545.9454921414049,Dominguezshire,NC
194,yahoo.com,LawnGreen,33.45947684896434,11.38861261864104,37.90913871755985,2.56663984381683,434.0216997527185,Howardhaven,SD
195,edwards.com,LightSkyBlue,31.820998201672072,10.771074062599588,37.278639793707605,3.5190324339539223,424.6752810132133,Millsmouth,SC
196,gmail.com,BurlyWood,32.73322416398153,11.818571762285,37.1020313268591,1.503854421225295,352.5501081630003,Wrightside,NH
197,johnson-herring.net,Peru,32.40714829999668,13.808798675105962,37.42676891745393,5.039955263662929,662.9610878058954,Victoriaton,VT
198,hotmail.com,Thistle,33.506092281309364,11.659832840871443,37.28139282998597,4.47871260846301,560.5601606242603,Rogerton,PR
199,mccormick.com,DarkMagenta,30.836432674773427,13.100109538542808,35.90772142967966,3.361612984538193,467.5019004269896,East Patrickbury,WY
200,christian-riley.com,LemonChiffon,34.87849495417028,13.067895684999526,36.67822227440393,1.9207154781756468,504.8704323933724,East Toddton,FM
201,hardy.com,MediumVioletRed,34.007211972221654,12.49432293326939,36.04545942048616,4.330714461860564,590.56271964715,Millerbury,WA
202,sanders-rodriguez.com,Teal,31.525752416968214,11.340035931978807,37.03951365322458,3.811248170807232,443.9656268098819,Elizabethland,WI
203,barton.info,SlateGray,31.04722213948752,11.199660962300452,38.68870909942437,3.0887639575315755,392.4973991890214,West Katherine,WV
204,gmail.com,Turquoise,34.59577669439264,11.332487778094174,35.45986279714474,4.541695256706066,568.7175759305223,New Jacquelinetown,AK
205,mcdonald-williams.com,Gainsboro,34.96760988717724,13.919494396088172,37.952013186883086,5.066696864020983,712.3963268096636,South Lindsey,NY
206,kelly-nunez.org,Orchid,32.29524762622046,11.03135834040919,38.252978273334655,3.1074686827074625,413.29599918102974,DPO AE 69180-7372,DPO
207,yahoo.com,Yellow,33.324240521849696,11.084584086421872,36.77601657686874,4.74698970293514,562.0820453929382,Lake Jacobshire,AL
208,cannon.org,AntiqueWhite,32.903454333014224,10.54264542398311,35.53386350026307,3.091826869545788,412.012931298847,Wilsonport,PW
209,hotmail.com,AliceBlue,32.55949313011333,11.79779551488024,37.77736579677647,3.1956257763719886,468.6684655991273,South Amy,MI
210,nelson.com,Tomato,31.76561882104241,12.442616548294634,38.13171202563648,3.8502796390964265,496.55408163560713,Marystad,LA
211,gmail.com,PapayaWhip,34.08164619679617,12.104542428062686,36.05964597986499,3.974522480483529,548.5185292758069,Williamsside,FM
212,estrada-silva.biz,MediumSeaGreen,33.304431285296005,12.378490222808672,38.76429717446252,3.843848921495288,536.1308968550214,South Christopherberg,SD
213,carey.com,BlueViolet,34.33075044367848,13.722453676229962,35.773116391246816,2.909008460485079,558.4272571753238,East Cheryl,AR
214,hotmail.com,Tomato,32.07894757956938,12.725909323593957,36.54466409871873,1.1390935384245742,357.8637186383917,Grahamville,NH
215,yahoo.com,DarkSlateGray,33.60579899891236,13.68511889962359,34.89198326749108,2.6852848361090778,529.0566631985306,Derekstad,VT
216,khan-allen.com,Gold,32.74515048083576,10.012583366223025,38.35495987026449,3.108911449181274,387.35707273642186,West Laurieside,IL
217,hotmail.com,Moccasin,32.12236479579778,11.435533874300315,36.22355746230224,4.852842407156433,528.9336185650203,Gayland,HI
218,gmail.com,MediumSeaGreen,32.53082944110282,12.354607081759855,37.12234520816764,2.30755242118396,420.91615953269286,Potterview,KS
219,yahoo.com,LightGreen,31.736635686050285,10.748533655415798,35.73870747121452,4.83552866742221,496.9334462555319,Andreamouth,ND
220,gmail.com,Orange,34.11756669418932,11.59187166512224,37.743619699549896,3.6785893989539975,519.372976801355,Christopherland,DC
221,brown-white.com,Cyan,33.63662445812838,11.236506758754029,37.67502073290805,5.254708925941115,591.4377355684503,New Michael,RI
222,hotmail.com,SlateBlue,34.33486453305801,11.109456333168431,38.585854757332655,3.8928914802112553,502.4097853029053,Heatherside,IL
223,hotmail.com,BlanchedAlmond,34.814983943728855,12.114944955194904,36.28872395038688,4.389455226416517,604.3348400688554,Port Matthewhaven,MN
224,curtis-garcia.net,LavenderBlush,34.642669758092204,11.866481205181705,37.71777057005867,4.003325039023281,555.068394054576,Jonesview,VA
225,summers-davis.com,Navy,32.83694076702139,10.25654903128796,36.14390845634163,0.7895199078816915,256.67058229005585,DPO AE 44749-2992,DPO
226,gmail.com,MediumBlue,32.29964716350497,12.168596472860555,37.073616172195656,4.403369830866465,547.1109823629461,Dannyfort,GA
227,morton.info,Moccasin,31.94801742116136,13.085356892368791,37.60565280041329,2.648596770203317,461.92087689289787,Padillaview,PW
228,jackson.com,CadetBlue,32.72731919612472,13.013375627349651,36.65127791701514,2.367848224385222,458.3769106506301,West Stephanie,OK
229,yahoo.com,MediumTurquoise,33.94624061993669,10.9839767277944,37.9514894585739,3.0507129732180167,436.2834981467513,Danielton,NJ
230,walsh-obrien.net,DarkGreen,32.35147815076609,13.105158522307253,35.57484166706179,3.641497161540088,532.9352188376637,New Morganfurt,MD
231,gmail.com,RoyalBlue,34.173752023676585,12.144748536704864,37.25803145871123,3.397363092819078,512.5525343564015,Lake Markbury,SC
232,hardin.com,DarkGoldenRod,32.97518182625784,13.90991551102909,37.79223754313027,4.297686524285517,630.4227632299235,Donnabury,OR
233,jenkins.info,Thistle,32.00475302036483,11.395209434440888,37.33281445580523,3.803364999065175,463.74598112062944,Lake Tracyburgh,NM
234,fischer.com,White,34.19705969450868,13.033566182687188,37.07679515601331,2.6334199887174443,493.18021624931,Lake Robert,AL
235,davis.com,MediumSpringGreen,33.177204666060376,11.622777173031125,35.96889569049678,3.634093727357596,501.2091726816533,South Laurenberg,HI
236,hotmail.com,WhiteSmoke,32.69323953887129,12.600750401563928,37.37011822360151,3.467014066009709,501.9282648732441,Ortegabury,MI
237,hotmail.com,BurlyWood,31.625360134830608,13.187910985159364,37.06708996741924,1.4943108951995074,376.3369007569242,West Jeffery,DE
238,baldwin.com,YellowGreen,31.260646869879523,13.266760352944496,36.97119509745716,2.267251114447051,421.3266312569514,FPO AE 53064,FPO
239,gmail.com,White,31.720769900287312,11.752343171850052,38.57360522634684,5.023934200606659,538.774933478023,Rivaston,NE
240,gmail.com,Cyan,32.922610758349414,11.56811634209842,36.90937820695247,2.471750669720034,398.163468533652,North Keithland,PW
241,yahoo.com,SlateBlue,32.68624509039022,12.63857212219212,36.097220934711,4.297737481971207,571.4710341154246,North Robert,GU
242,holt.com,LightSkyBlue,34.05094675856064,11.388644575171451,39.08156474568163,2.4369588757864635,451.6286105401996,Brianland,AZ
243,lane.com,DarkTurquoise,32.454552537551066,11.82298329832392,36.94612578169275,3.656983926688144,490.6004425003995,North Danielport,FM
244,yahoo.com,Gainsboro,31.28344747605816,12.725677367222987,35.96566746423624,5.000243360514445,591.7810894256675,South Jadehaven,AR
245,yahoo.com,LightCyan,32.98002919845364,11.201159766003189,37.68933697894965,2.412830960970926,409.0704720533178,New Gregory,ID
246,hotmail.com,LightCoral,31.909626827522736,11.34726361146273,36.32365246819823,5.314354141170213,563.4460356732392,New Eric,MI
247,yahoo.com,Turquoise,34.40240964824356,14.220979108167343,37.52319665049046,4.0777750980104255,647.6194557251926,Port Kyleland,VA
248,hotmail.com,DarkOliveGreen,32.95976431107423,11.546275759510358,36.947953692845566,3.2750706813095327,448.34042501104767,East Julianborough,WY
249,hotmail.com,Teal,33.780156763295054,11.91763618310149,36.84473381504451,3.634996006306897,518.7864830920807,APO AA 49814,APO
250,yahoo.com,DeepPink,32.6729435250038,12.276056984463208,37.19279353222784,3.9824715131070567,523.6339351357243,North Mitchell,IA
251,yahoo.com,MediumTurquoise,32.72852076313786,10.131712461927217,34.84561239331277,3.287701824074408,393.8573709860865,Carlsonbury,LA
252,yahoo.com,DarkCyan,33.40992258786484,12.026942222615626,36.13389429009422,2.3133498845806395,426.154547713103,New Julia,VT
253,anderson.org,PeachPuff,31.72420252384518,13.172287495263063,36.19975347391624,3.557813698186695,503.3878872879605,Dennisville,NV
254,gonzalez-miller.com,Aqua,32.711119299295326,12.326291385476884,36.67387835766538,3.350279287544909,482.6024673294826,Hernandezport,WV
255,hotmail.com,MediumTurquoise,33.1366552476793,13.891313421778491,39.22071295098572,2.9070949348220267,524.7976275698039,APO AA 22066,APO
256,garrison.net,HotPink,34.37939438496412,12.930928541308226,36.36024719793431,3.7927119551515887,574.6548433659395,South Tylerbury,VA
257,gmail.com,SeaShell,35.530904145898624,11.379257182400217,36.63610411908917,4.029453828152192,574.7472196620896,Gregland,OR
258,ferrell.info,Orange,33.24726795047748,14.069382336483995,38.99332245115573,4.978475793470261,660.4251842914138,Ericfurt,KS
259,yahoo.com,CadetBlue,32.096108993845185,10.804890557641668,37.37276214632111,2.6995620549722683,375.3984554102431,Jonesstad,NY
260,hotmail.com,LightCoral,35.039283064909725,14.426491050422625,37.37418350489759,3.9306153266132897,640.1877400085721,Henrychester,RI
261,ball-arroyo.com,Orchid,32.55052657442161,13.041244588162265,36.655208083959465,3.456233823526301,514.0098178487356,Collinsborough,KS
262,foster.net,Crimson,32.58249357081853,11.739743796165987,36.85481082475086,2.1820169698233887,376.496840718537,Port Daniel,WV
263,yahoo.com,LightGoldenRodYellow,33.29698192462649,12.49105873801881,38.238940853091385,2.7095266269292764,484.5198091105511,Port Austinland,FL
264,hotmail.com,DarkGoldenRod,33.108336148346,12.892374513653694,36.52738830431376,4.594116864603191,614.7296376283244,Lake Ronald,NY
265,salas.com,HotPink,33.902717794463925,11.668866514553862,37.34126616101072,4.25698328967803,567.4750105270774,South Barry,AR
266,mcguire-carter.biz,Blue,34.55528258670921,11.777772039564963,37.97982686004657,3.784273087078304,554.003093429799,Nicoleside,MT
267,yahoo.com,Violet,33.73264839262621,12.138793877121689,36.853882459920776,1.62341960945622,399.98387159812256,North Christopher,RI
268,gmail.com,Pink,31.60051220030329,12.222967446546058,36.8227532265912,3.4145062403052493,479.17285149109694,Nicholasport,WY
269,yahoo.com,SandyBrown,34.318927438542204,13.402331896928285,37.29204470528371,3.6060868889081727,585.9318442972224,Riveraville,KY
270,simmons.net,LightBlue,34.00648891839723,12.956276605432244,38.655094538522064,3.275733705185027,540.9957391083377,Teresaport,FM
271,jones-brown.biz,Gold,33.54047906012372,12.884124621344766,36.22604169397467,5.007271986589903,628.0478039330167,Matthewville,AZ
272,hotmail.com,SteelBlue,34.43642583784763,13.325469096138631,36.76860309148005,3.37125811322392,582.4919237338106,North Amanda,LA
273,yahoo.com,FloralWhite,33.55169913754013,12.15858523387948,36.57513377612486,5.453969474611709,640.7861663983061,South Jaclyn,NM
274,schroeder.com,Green,31.818616566769062,11.22654566351062,35.669935165958194,3.7558693892629655,446.4186733701357,Lake Alexstad,NH
275,hotmail.com,PaleGoldenRod,32.36312129411639,12.461135435006732,37.74560774187829,4.664258497238649,570.6300980875259,Johnsonhaven,VT
276,griffin.com,Navy,33.191570884444964,9.846124908736233,36.876313233417314,3.8066709485629935,423.3083340974698,South Zachary,AS
277,hotmail.com,Coral,32.19249882778649,13.32541218598226,36.897294609068695,5.049927474652407,616.6602860166826,Kimview,MN
278,smith.com,DarkGreen,32.60790271932764,13.677245841523792,37.74469969514907,2.871947536151015,530.3624688854229,Lake Olivia,MO
279,yahoo.com,LightSteelBlue,32.26200310699493,11.644969546399302,37.02687697079434,3.2367328142505314,442.3631173838644,Hannahside,RI
280,perry-larsen.com,Aquamarine,32.27184828087499,13.485008988077055,37.55088041321525,3.086337272317325,511.9798599920658,Gabriellaport,MD
281,edwards.com,DarkViolet,33.79512493081247,11.620996507575208,38.4194685327455,4.559699083258959,560.4437921717631,East Danielshire,IN
282,johnson-james.net,MediumSpringGreen,31.654809675692764,13.014459152355208,37.78903634703419,3.0102097779609496,475.26342372754846,Hallside,PA
283,leonard.com,OliveDrab,33.07773079450243,11.466984219092826,35.675727630820134,1.80922959177631,374.2696745439231,Jasonberg,TX
284,gmail.com,Purple,31.312349599444342,11.684904192367505,38.71707629773135,3.594295099901167,463.59141802794056,Joyton,MT
285,gmail.com,BlueViolet,32.87273861448019,12.09396635537946,36.62077385548951,3.049195743789432,471.602884392892,Jonesberg,OR
286,pierce-kane.info,RoyalBlue,33.708153408093004,14.325654943309248,35.7218273299056,3.6343402240734415,626.018672655394,Riddleton,OK
287,mills-shaffer.com,DarkSeaGreen,33.908565031728365,12.914846634589116,39.06886445133981,1.4823596439649784,432.47206125141577,Kellyside,NV
288,yahoo.com,AntiqueWhite,32.312909745943095,9.8244017703894,35.74277912557426,2.921350140816143,356.6155678900057,DPO AP 47668,DPO
289,hoffman-wolfe.org,Blue,34.394326648449855,12.807751833234732,38.55103028983871,1.8100798764120296,467.4278485003528,DPO AP 48938-3469,DPO
290,gmail.com,FloralWhite,32.42330472721988,13.05827792714326,37.26387556144864,3.373104673991114,503.2173931191067,Madisonside,AZ
291,cortez.com,Navy,33.539396346976595,10.534553499461076,37.03479128933126,2.2147975193939367,378.4735664479011,East Virginiastad,MS
292,knapp.com,DarkOrange,33.37401692609311,11.143433077943628,35.94639914639545,5.454463277564527,584.2183134866808,South Laurenborough,SC
293,gmail.com,Aqua,33.79475594486519,10.982805534662877,34.81063145023747,3.201801722174991,451.7278633175868,Hilltown,TX
294,gmail.com,Ivory,33.7709000976483,11.153966054877388,37.24032955207884,4.729484541572504,557.6341089957288,South Destiny,ND
295,yahoo.com,LavenderBlush,31.309192640891823,11.947175323941773,36.19083323650043,3.205529764506833,432.7207178399336,Joshuahaven,CO
296,schmidt-johnson.org,Cyan,33.612563354981084,11.47056500466582,37.0616887661275,3.802511438790271,506.4238599698002,South Blake,SC
297,rowe.net,Tan,33.39826012958678,11.03785041365591,38.61733445368848,4.116340467131812,510.1598172791045,East Stevenshire,AL
298,barber.com,PaleVioletRed,33.622591840455804,11.167356897497289,35.62658733096311,5.462500764129899,587.5747994806404,Heatherville,MS
299,hotmail.com,LightPink,30.4925366965402,11.562936246652605,35.97656497174036,1.4816166268553612,282.4712457199145,North Jennifer,NE
300,gmail.com,Thistle,31.90485713101361,12.22772827968665,36.98591347608606,3.771420131891554,473.94985742281614,Coxtown,OK
301,landry.net,CadetBlue,33.0264203526517,13.18681287300118,38.06692960186935,2.898299577888636,489.90805309753534,DPO AE 56975,DPO
302,gmail.com,AntiqueWhite,32.975192902963855,13.394451788942057,37.80697766984659,3.5690465158585187,541.9722037582585,FPO AP 50556-7615,FPO
303,richardson.com,GhostWhite,30.81620064887634,11.85139874307314,36.92504303887863,1.0845853030221226,266.086340948469,North Patriciashire,PR
304,shaw.biz,DarkOrchid,33.91401511732236,12.266503838947584,36.57503097579012,3.0234744460455456,494.6871558102853,Port Brandytown,FL
305,hotmail.com,DarkGray,33.30267220801569,13.459222289832477,36.33952101023726,5.56638489205681,689.7876041747194,Garciaville,IN
306,yahoo.com,Gainsboro,31.912075929200608,11.792971821961505,36.25781911850192,2.3951681299791368,387.5347163057077,Bentonberg,GU
307,gmail.com,DarkSalmon,32.40855895733437,10.98574015235435,37.36839124072731,3.5048334855203,441.8966315178863,Port Jacobview,MN
308,yahoo.com,Ivory,32.64461690576892,12.637557159364276,36.5170857636486,5.226687712532107,604.8413188212227,Fitzgeraldborough,MA
309,gmail.com,MediumSlateBlue,34.10227850874102,8.508152176032603,35.46240008104617,1.8382107022501144,302.189547809652,West Juliaport,IA
310,hotmail.com,Cyan,33.24850620315415,11.656592033851751,36.54860515461888,3.363411393785737,479.6148116731426,DPO AE 53747,DPO
311,hotmail.com,SeaGreen,34.72908016563062,11.966898076780602,36.54759627699103,2.957448756503683,506.132342437705,Amandaland,GA
312,boone-rose.com,Purple,30.3931845423455,11.80298577760313,36.315763151803424,2.0838141920346707,319.9288698031936,West Kathryn,OK
313,wallace-hill.org,LightBlue,33.3841105711181,12.677401437121034,35.622530591605994,3.680847338174777,528.3092250312227,New Lisaburgh,WI
314,rose.com,Brown,32.878474365657695,13.032534975943191,37.87095205416159,4.693732057983859,610.1280331303979,East John,IL
315,walker.com,Chocolate,34.501417852783966,12.44761745405695,37.53453024067718,4.008352234634593,584.1058850493533,North Amanda,MS
316,reynolds.info,Thistle,33.56647438959015,12.235659245108506,37.27757337619507,2.532044061507893,466.4211988217437,Davidbury,AL
317,gmail.com,Purple,32.8487928288471,10.973162084317348,36.60950715426321,2.8709869096996963,404.8245288726869,Vasquezborough,WY
318,hotmail.com,MistyRose,33.531860130613246,13.665769794267849,36.90022076162611,3.515688256202335,564.7909690079206,Ashleyside,PR
319,hotmail.com,Indigo,33.41906734548329,13.391120179234008,37.19419104646396,4.06991661858986,596.516697973153,West Catherinetown,MN
320,hernandez.com,Gold,32.495418773654315,12.96832561098067,38.296110372778266,1.2004838567566694,368.65478494706446,West Brian,LA
321,ryan-thompson.com,PeachPuff,33.67402747501462,12.968893130527093,37.33310741829708,3.22945090446699,542.4124767293989,Smithchester,NV
322,gmail.com,LightSalmon,33.26463207316392,10.732131340303663,36.14579171248221,4.086566338485993,478.26212639683575,New Caleb,PA
323,gmail.com,DarkOrange,32.76245596030955,10.952353380458652,37.64629178743077,4.019470351595002,473.360495571661,Port Davidtown,AL
324,gmail.com,SlateBlue,33.47947160188164,12.60888879370027,37.22939451627662,4.205903889533483,559.1990479544186,Jonesmouth,GA
325,hamilton-jensen.org,MintCream,33.785207205733194,13.039511025284968,36.31272657154038,2.0181946292873114,447.1876443054186,East Angela,HI
326,hotmail.com,NavajoWhite,33.21718784289895,10.999683661085925,38.44276668680506,4.243812816726185,505.23006828207065,North Chrisland,SC
327,rodriguez.info,Tomato,31.128090049616628,13.278956228597716,37.38718052656558,4.626075291951958,557.2526867470547,Jerryborough,DC
328,byrd.net,DarkSeaGreen,33.36951735608769,10.62794922615627,38.04031366664072,3.00295702283384,422.3687366068266,Nunezland,NC
329,berg-braun.com,Lavender,32.837893053239185,13.185181167368498,35.92159518889928,1.823595182991803,445.0621855089249,North April,NY
330,simpson.net,DodgerBlue,30.574363684171367,11.351049011250833,37.08884657968332,4.078308001651641,442.0644137580656,North Michael,VT
331,hotmail.com,Wheat,32.27459383033916,12.954811454937932,37.1088163801084,3.689916615447592,533.0400601788124,Lake Pamela,WY
332,gmail.com,MediumVioletRed,33.14423399987652,11.73704063527238,37.93518904595916,2.190132185380053,424.2028270990325,South Patrickfort,MD
333,gmail.com,Magenta,33.4855197629536,11.887345302061831,35.86244707788159,3.2067566975868704,498.635598489176,West Jacob,NH
334,morales.biz,SeaShell,31.976480061461288,10.757130926114415,36.59586794587455,1.9770071278430592,330.5944460341002,Greenfurt,GA
335,miller-alexander.com,HoneyDew,32.13386240984833,11.612650769570312,39.24880390433504,3.349245382527182,443.4418600624623,Spencertown,SD
336,mcguire.com,LightCyan,32.302553103111435,11.97906148391534,38.26906069147024,3.532861579556475,478.600915944333,Lake Williamburgh,NJ
337,martin-chambers.biz,Khaki,31.82797905546526,12.461147444665416,37.42899736939191,2.9747368150832405,440.0027475469415,New Jimmyshire,MH
338,butler.info,Crimson,32.018074010632084,10.079463451952432,38.0706642585136,2.6181653103960847,357.7831107453153,Gainesfort,AK
339,santiago.com,White,32.997459002491695,12.589240561061525,37.33224074655334,2.8040136926903942,476.139246872566,Johnfort,KS
340,hotmail.com,RoyalBlue,31.81642833419931,14.2880145907663,36.77386136993079,2.9644978762354017,501.1224915036564,Jessicaburgh,NH
341,hotmail.com,DarkViolet,34.46151473966461,11.917115695587762,37.76668677332467,4.3508878437244665,592.6884532021675,Mikeberg,FL
342,martin-cobb.com,DarkSeaGreen,32.34279623166797,11.40964461636565,35.77778217066089,3.8724320418689104,486.0834255029927,Thomashaven,MT
343,wagner.com,Navy,32.30274837339047,12.815392648610311,37.95780983454751,4.615426306527649,576.0252441251166,East Stephenport,VT
344,manning.com,Gray,33.06644065628263,11.673229254101274,37.84065507750671,2.727209453758874,442.7228915742714,Port Davidland,WA
345,kaiser.com,Purple,33.89464038846548,10.61053651970745,37.97738873797974,3.537123879902206,461.7909590614097,East Rebecca,NH
346,gmail.com,RosyBrown,32.765664587506606,12.506548190327935,35.82346666642284,3.12650948966,488.387525780145,South Robertside,HI
347,yahoo.com,White,33.76981237165136,11.304462307422884,37.83397172859896,5.137816745950984,593.1564014822196,Coopermouth,IA
348,yahoo.com,MediumTurquoise,31.812482559724263,10.886921180951674,34.897827688311345,3.1286388557446334,392.8103449837973,Lake Shawn,UT
349,bates.net,Bisque,32.00850451785513,12.095889485093478,36.37750903434099,3.1789524050534483,443.19722102875545,South Austinshire,ND
350,savage.com,SaddleBrown,33.30433661798984,12.692661429739388,37.33359061333867,3.827375915107567,535.4807751896418,Morrowtown,ND
351,hotmail.com,YellowGreen,32.189844729273545,11.386775551280651,38.19748324839899,4.808320372869162,533.3965537868428,East Pamela,PR
352,gmail.com,LavenderBlush,34.935605105644306,10.728418539377822,36.88119240747175,4.048510087289211,532.1274491097012,South Jeffreychester,MA
353,yahoo.com,IndianRed,33.55165060797954,11.936895159842097,35.90025278215821,4.5433324132930855,558.9481123879059,Wagnertown,MT
354,hotmail.com,DarkKhaki,32.38696867463189,12.717995102314037,35.12882235312117,3.4810621331251683,508.771906741518,West Andrew,DE
355,hotmail.com,SaddleBrown,33.34450868519732,10.969802874106238,35.9745781075859,2.627624971434411,403.7669020956173,Lake Antonio,MA
356,yahoo.com,Orchid,33.6727578867203,13.420545742201174,37.76369040280343,4.794312263402832,640.5840618984408,Port Jasonmouth,FL
357,king.com,DarkCyan,34.00207092262163,11.85468192110211,37.49189221040693,2.761861926301417,461.62827839108616,Anthonymouth,VT
358,lee.com,Aquamarine,32.65539704223188,11.91885970932454,35.71626915951701,2.1596760229888288,382.4161078654751,Loriport,MA
359,robinson.org,Brown,32.054261851184755,13.149669557991398,37.65040020345744,4.1956144126751305,561.874657668983,East Joshua,ME
360,hotmail.com,DarkMagenta,33.22877226969563,12.685393899848076,36.04898625036686,2.139403004485981,444.57614413373005,South Deannaberg,ID
361,jackson.com,Cornsilk,32.077590044329135,10.347876945661575,39.04515569638811,3.43455972254092,401.0331352191061,Martinezland,MN
362,yahoo.com,LightSalmon,33.981005579787784,9.316289204373824,36.91495154541398,2.8684281816397523,384.3260571375157,Hillberg,FM
363,gmail.com,Chocolate,34.17951756796679,12.581547729914536,35.444264696393994,3.137068975480682,527.7829957560522,East Taylorfurt,AK
364,terrell.com,PaleVioletRed,32.60273898042012,11.764447589452988,37.922703809566,3.5258064121952244,482.144996875768,Millerberg,HI
365,johnson-howard.com,Wheat,32.03054971621298,12.644202118863696,38.00182746752369,5.038107493844868,594.2744834186117,Port Veronicaside,NE
366,meyer.com,OldLace,33.100357750772915,11.832112231483734,36.841491638054855,3.6122391519937,502.0925279023197,Lake Connie,MI
367,gmail.com,SlateBlue,32.99059904291544,10.441235061603203,35.93896250240334,2.895075162804356,407.657178759326,Ramoston,DE
368,gmail.com,Orchid,34.385820292995376,12.729719510423308,36.232109802584205,5.705940716620838,708.9351848669819,Staceyberg,VT
369,knight.com,MediumAquaMarine,34.357196268204405,9.477777607959723,37.90601452014432,5.0470225513951,531.9615505451646,New Lisaville,GA
370,yahoo.com,SeaGreen,33.70511279750195,10.163179060052556,37.76304108154524,4.778973636034998,521.2407802357948,West Alexandra,AR
371,hotmail.com,MediumSpringGreen,32.40429504598358,11.608997936221536,38.11045690682496,2.96655888465992,447.3690271993314,DPO AA 95185,DPO
372,hotmail.com,LightSeaGreen,31.829346455921133,11.268259230574026,36.9569654250941,2.6689197733345025,385.152337987975,North Walter,MS
373,gmail.com,DarkKhaki,31.366212167187687,11.163159542913276,37.088319364334765,3.620354588804087,430.58888255648486,South Pamela,KS
374,gmail.com,SaddleBrown,31.447446494127817,10.101632204781014,38.04345265084127,4.238296188412728,418.602742095224,Hoffmanton,MO
375,gmail.com,Turquoise,33.58294683702328,12.76153127820102,36.90818962373682,2.4793398232086954,478.9514047578855,Petersonberg,MH
376,jones.com,AntiqueWhite,32.39742194430904,12.055340161330117,37.68546548721554,3.506967573635258,483.7965220614929,Nathanchester,FL
377,dixon.com,GoldenRod,35.03744996157605,11.935934966559184,35.78392374450292,3.310150346576856,538.941974531203,Port David,MN
378,armstrong.biz,Teal,32.78494023263413,12.451200012438312,36.66579136924871,3.535802467873828,486.1637990666317,Woodsbury,AL
379,yahoo.com,Bisque,33.9717220376126,12.284467067067208,38.29572526401705,1.1304769604319769,385.0950070687634,New Matthew,MI
380,carter.com,PaleGreen,33.38599019075222,12.782171794760185,35.55077226680613,3.2287176862706497,527.7837897574573,Christopherport,TN
381,combs.com,RosyBrown,33.556555671402755,12.960307128914414,37.951946317735135,3.3459223210048927,547.1907493518986,Gonzalesmouth,MI
382,smith-pena.com,Crimson,33.58737339024554,9.95399500605983,37.34573893439929,3.2156668270219866,410.6029439492151,Johnsonburgh,DE
383,yahoo.com,Brown,34.18818406101828,13.130021664776669,35.42933438847124,3.7905521368804433,583.9778019715428,North Jenniferchester,MN
384,yahoo.com,Gold,33.59396354804201,11.520566788562215,36.18913179541947,3.5612152714310823,474.5323294398898,North Matthewborough,AZ
385,perry.com,SeaGreen,33.236265721508744,10.972554314292411,34.57402758718963,2.931619534651152,414.9350606518193,Tylermouth,ME
386,yahoo.com,LightYellow,33.20891970058922,13.53191346185937,38.95246252162795,3.0465406206892376,550.8133677324173,Brooksberg,MO
387,wells.com,LemonChiffon,33.63781167586591,12.039502370469922,34.48718474774243,2.739200466766662,458.78113168424994,Matthewhaven,NJ
388,jimenez.biz,DarkOrange,33.59048580327403,10.942069621017652,36.17049420248099,2.783963128204522,407.5421680134348,Gordonview,AS
389,smith-romero.biz,LightCyan,34.195508030962635,12.664192622515646,37.02715036476952,4.330407444211276,581.3089328795,New Marcfort,MO
390,yahoo.com,Gray,35.86023651335309,11.730661394277831,36.8821490815068,3.41620997759013,546.5566668627299,Pattersonhaven,OR
391,crane-thompson.org,MediumVioletRed,33.48193057257537,11.918670307379347,37.31770494919684,3.3363393820041853,503.1750851912004,Amyborough,MP
392,gmail.com,OrangeRed,33.25823783380398,11.514949066574868,37.128039498322295,4.662845304002564,549.131573287217,Marytown,DE
393,gmail.com,DeepPink,32.319857972167306,12.418113202231622,36.155336204959546,3.222080766760957,482.8309858617018,North Josephfort,NM
394,hotmail.com,DeepPink,32.43083857908201,13.887275413385504,38.38195597213616,3.772969024644708,557.6082620533542,Derekberg,OH
395,hale-duncan.net,GhostWhite,31.44597248275779,12.846499067474369,37.86921693600857,3.420149530164856,484.87696493512857,Martinview,IL
396,gmail.com,Green,35.74266980593494,10.889828283005029,35.565436237139735,6.115198945760052,669.9871405017029,West Jenniferview,NM
397,gmail.com,CadetBlue,34.012619460656374,12.914570094327916,36.04620351842453,3.488029991222591,547.7099885778625,Mooreland,AR
398,wilson-horne.com,DarkOliveGreen,34.14039342796294,11.568526641744768,38.918748541019504,4.082855278762214,537.8252822957112,Port David,PA
399,sanders.net,IndianRed,32.37798965892753,11.971750786570595,37.19936752783635,2.8296995751470893,408.2169017707518,Jacquelineton,NJ
400,chan-anderson.biz,Snow,33.17233109074306,13.07869243953642,37.329818625212354,5.405406467229508,663.0748176067602,Laurenmouth,AS
401,barber.com,DarkSeaGreen,33.24732220295966,11.956426484854196,36.5173461200418,3.451750709833103,506.37586675019753,Whitebury,AZ
402,jennings.com,BlueViolet,33.59891333929404,13.252737094184228,37.30596141998359,2.935577273740486,528.4193296952955,Garciaport,SC
403,hotmail.com,OliveDrab,33.08529799058909,13.093537281195058,38.31564796064117,4.75036007144446,632.1235881419656,Stevensonshire,NY
404,hotmail.com,MediumSpringGreen,32.278443347919655,12.527471744522868,36.688366542504845,3.5314023030588984,488.2702979651482,Weeksstad,AS
405,strickland.com,MediumSlateBlue,33.441553044751224,11.235968954252517,37.05261630809583,3.904479379627935,508.7357409506604,Michaelshire,ME
406,brady-fuller.net,GhostWhite,32.86530120924307,12.074830167957376,35.56917031744619,2.3990797897904117,411.1869635742789,East Patrickfurt,DC
407,pace-herrera.com,Purple,31.52619789823981,12.045331979699332,38.50588332918249,2.847709026474498,409.09452619233787,Woodsstad,AK
408,yahoo.com,SandyBrown,33.000849640152055,11.230743306761044,36.99529016635977,3.781703565104839,467.8009243667916,APO AP 87584-5187,APO
409,gmail.com,LightCyan,32.088380630448206,11.90784409977911,35.18912244437772,4.34977841863416,512.165866388158,Boylechester,AZ
410,jones.com,LightSalmon,33.26544447284578,13.05221038516131,38.77566529611688,4.574287716419565,608.2718166151668,FPO AE 71507-1312,FPO
411,rogers-gonzalez.com,Chartreuse,32.992573196692234,13.004362005673078,36.98504141740091,4.620416384895069,589.0264897562791,Lewismouth,TN
412,cox.org,DarkGoldenRod,33.86318870719846,11.52352268106905,35.9380452301724,3.0130325004194374,444.0538265727727,North Danielview,CT
413,vasquez-nelson.net,Cornsilk,32.59209322575472,10.314717921893896,36.72902940108787,4.791108744558267,493.18126139071865,Port Anna,OR
414,turner.com,Magenta,32.381034590963445,12.433128529733452,37.62690680204789,4.334001444341368,532.724805462904,West Andrewtown,VI
415,cook.info,SaddleBrown,31.517121802506228,10.745188554182882,38.79123468689964,1.4288238768282668,275.9184206503857,Rebekahtown,NC
416,gmail.com,DarkViolet,33.45430192604019,11.016755636715027,37.6373109611636,4.137000388171067,511.0387860511611,Cynthiahaven,HI
417,hotmail.com,Chocolate,32.21552741998912,12.216854693359824,36.95395970110429,2.910530822492482,438.4177420114685,West Alicia,DE
418,gmail.com,DarkViolet,31.673915503274955,12.329147021418828,37.07437106706513,3.982462318955639,475.7250679098812,Martinezborough,FL
419,moore.com,Magenta,33.717554613005134,10.8069660677747,36.01231723045213,3.701229217020273,483.54319386538816,New Bethanyborough,MO
420,yahoo.com,HotPink,33.21547157476038,12.135101396955722,37.14209368933963,5.8405058759314255,663.8036932755082,Lake Timothychester,NE
421,hotmail.com,DodgerBlue,31.574138022873235,12.94155572990243,36.72527682557127,4.560396067343641,544.4092721605869,New Jessicafort,UT
422,yahoo.com,Turquoise,33.89457038870139,13.300299363336556,36.393683855020775,4.4900020655598345,630.1567281670505,East Mary,DE
423,hotmail.com,Blue,33.12869268643142,10.39845771308564,36.68339299807869,3.859817998874009,461.11224843060927,South Jessica,MN
424,hotmail.com,PaleVioletRed,34.3703270461643,11.887800415781037,37.86144725932397,3.0466201888222324,491.9115050963458,West Calvin,AZ
425,anderson-avery.com,MidnightBlue,34.08026009173408,11.591439703136588,36.456898410524325,4.652854446136777,574.4156896079882,North Patrick,MD
426,trujillo.biz,BlanchedAlmond,31.42522688085481,13.27147504252467,37.23984661097634,4.022102909528949,530.766718654762,New Brianville,FL
427,williams.com,Black,33.62530726457669,12.988220598633102,39.67259095594186,3.9694177591077393,581.7987976770314,New Patricia,IL
428,mathews.net,DodgerBlue,31.8627411090001,14.039867262521906,37.02226898591233,3.7382251733253336,556.2981411740467,New Georgeport,ND
429,white.com,DarkGreen,33.29258730730077,11.906507762219915,38.42286529341121,3.37668749953603,502.132789227254,Lake Kelly,MO
430,george.com,BlanchedAlmond,33.74922777081331,11.13714030231066,38.40137368953426,4.595522708601322,556.1863688687886,Lake Alexis,MT
431,lewis.info,Bisque,34.14496898723948,12.902664889103926,36.61119877576035,2.2239934582520533,475.0716298996618,West Jessica,NJ
432,yahoo.com,Cyan,31.12397434991195,12.386516256494852,35.63211221551042,4.288486770885737,486.9470538397658,Lake Robertshire,NE
433,williamson-boyd.org,Lavender,34.27824787999725,11.822721745594304,36.30854529439036,2.11738254152726,434.1442020262987,Rogerschester,IL
434,gmail.com,Violet,33.66661568345138,10.9857637851215,36.35250276938114,0.9364975973183264,304.1355915788555,Jonesshire,GU
435,scott-patterson.com,Fuchsia,32.25997326555701,14.132893457553363,37.023479236405706,3.7620704427115657,571.2160048349454,South Charlottefort,CT
436,hotmail.com,MistyRose,35.43316530057876,11.912210479900578,36.08964365766702,4.00096358646012,583.0796356620574,South Jennifer,NJ
437,fuller.com,CadetBlue,31.967320947882403,11.481587147836263,39.24096484164356,3.5325171645393527,445.74984123965226,Walterview,KY
438,gmail.com,LightSteelBlue,32.149060522105984,10.04731473507118,37.18144731064989,3.5350884276189447,392.9922559140308,DPO AE 39546-5591,DPO
439,sawyer-sellers.com,Brown,33.918844177834046,12.428736927868275,37.30536187928602,4.158214652664192,565.9943634015268,DPO AA 37361-3043,DPO
440,hotmail.com,Salmon,33.20061634140451,11.965980266792482,36.831535850846905,3.549036057426973,499.1401524490539,South Jason,KS
441,hotmail.com,FireBrick,32.53677489754807,11.121366060509414,36.97937237345656,4.129254688094536,510.5394216996283,Amandamouth,SC
442,sanchez-coleman.com,Lime,34.08366330162949,8.668349517101323,35.906756365793065,2.2524459633808416,308.52774655803336,APO AA 73445,APO
443,gmail.com,GreenYellow,33.02502013857587,12.504219807675254,37.64583878801402,4.051382465375181,561.5165319790891,North Migueltown,TX
444,phelps.com,DarkOrchid,31.26810421075072,12.132509111641538,35.4567981489283,3.0720761414868827,423.4705331738239,New Madison,WV
445,johnson.biz,Blue,32.21292383005795,11.732991461588078,35.633953947400784,4.331863026751083,513.1531118530668,DPO AE 47693-8164,DPO
446,gmail.com,Olive,33.499506100675546,11.946590884981754,36.486325072393406,3.937862643180167,529.1945188649573,Emilyville,OK
447,yahoo.com,Wheat,32.90485366735398,12.556107616938167,37.80550943244919,0.2699010899842742,314.4385182951061,Cliffordborough,MO
448,gmail.com,AliceBlue,32.204654645678524,12.480701517118195,37.680287608367976,3.2794662600656097,478.5842860083426,Fischerborough,NV
449,johnson-jefferson.com,OliveDrab,32.67515450844823,12.594194066191111,37.68387537364701,2.5717778354776577,444.5821649786528,Cynthiaville,NY
450,harris.org,Linen,32.99838766242905,10.946841939586896,37.64780805527063,3.8260306175375134,475.0154070877503,Kathrynchester,FM
451,lara-waters.com,LightSlateGray,33.9431185791017,11.48419869378604,36.83936583281821,2.402453833414224,436.7205558562188,Port Daniellemouth,KS
452,gmail.com,Indigo,33.55210836340867,11.120870867123784,36.80837605948795,4.02781384191709,521.1953105318003,Port Susan,ME
453,gmail.com,Lime,33.67683086814267,10.971392430875488,37.72236711094261,3.629339915268192,478.1830597118797,Whiteborough,OR
454,floyd.org,SteelBlue,32.64194636558817,11.588948579712495,36.32214091690131,3.189609941879746,432.48116855701767,DPO AA 37629,DPO
455,yahoo.com,Olive,33.42121218172261,10.706641521307748,35.76615350038372,3.393975043434297,438.30370784642975,Anthonymouth,WV
456,wiley.com,HoneyDew,32.76707608122926,11.07625934092972,34.77975050203264,2.574948470025072,388.9405487921943,Lake Ashley,GA
457,hotmail.com,MidnightBlue,33.11995442833815,12.953262542191796,37.03427958207978,3.4720213800343784,534.7714849461672,Jessicahaven,KS
458,gmail.com,DarkViolet,35.37187609232446,10.572466600106116,36.86218334634355,4.198349060814376,537.9157529213054,Smithhaven,KS
459,yahoo.com,Sienna,33.9760825800378,11.658036814224134,37.42527868006791,2.086348146609663,407.8763782204976,Lake Marissa,GU
460,hotmail.com,Pink,34.03416353106073,13.592512657946294,36.83865678634849,3.605933917733071,618.8459704239658,Brownshire,NC
461,wilson.com,LightSkyBlue,32.77049215854934,11.371767361249,35.26149811626243,4.034386130357466,502.77107456549606,Martinezfurt,CT
462,yahoo.com,SaddleBrown,33.50381038174352,11.233414953540922,37.21115258135112,2.320550249888456,397.420584096457,Yangmouth,MO
463,hotmail.com,SteelBlue,31.874551694585367,10.290350765056484,36.929761561703394,3.491093337009152,392.2852442462675,Prestonville,NY
464,yahoo.com,Thistle,32.53323998265473,14.121783839255324,38.40632901011416,5.320093863780987,689.2356997616951,Abigailstad,MS
465,hotmail.com,BlanchedAlmond,34.85131416586477,12.41554196333362,37.67232248424959,3.130538462464844,543.1326262891694,North Nancy,ME
466,gallagher-nichols.com,Turquoise,34.21146128149797,10.770248917443364,34.649800047407126,4.985204970864011,577.7360248512277,DPO AE 67219-3123,DPO
467,gmail.com,Orange,33.45961931752967,12.664390524735165,36.36684324701071,1.726962043188511,436.5807403475482,Lake Matthewview,VT
468,yahoo.com,Beige,34.200539409318985,12.667808875387266,37.48704924855169,3.7016222869142337,553.9946735912697,DPO AA 89902,DPO
469,estes-nguyen.com,YellowGreen,31.169506798711588,13.970181074130446,36.67395273856423,1.7851739448879638,427.3565308022928,APO AA 17032-7944,APO
470,bowen.org,SlateGray,32.518196813999246,11.509253453525044,36.59928908739349,3.0226757598626595,424.7287739291025,East Andrew,FL
471,lopez.com,Bisque,34.523019620716326,11.405770450141056,36.378271013194265,4.041244969129275,541.0498309594356,Brandimouth,CA
472,yahoo.com,Orange,33.66599032199544,12.263717676034362,38.86023443032663,3.13952693504287,469.38314617236114,APO AE 01821-4769,APO
473,yahoo.com,DimGray,31.60983957338964,12.71070130045925,36.16646339192148,2.562818810803233,444.5455496511082,Lake Jesse,LA
474,hotmail.com,MediumBlue,33.70088553901973,13.471577671948916,37.0716431982524,2.3790764968915394,492.55683370047706,Ramirezberg,AS
475,gmail.com,AntiqueWhite,33.81173340621725,11.186808718643787,36.29889307823573,4.301996499354755,535.3216100850124,Ballland,AS
476,reed.net,Beige,34.33667722314705,11.246812606011584,38.68258378408295,2.0947616690074846,408.9583359406166,Wallsville,ME
477,yahoo.com,Beige,31.06132515671613,12.357638107209011,36.16604163340145,4.089330841235956,487.5554580579016,New Brian,MA
478,hotmail.com,PeachPuff,33.06976829928679,11.764325958658198,36.87502580891776,3.5160510174718302,487.64623174384167,Larryfurt,MS
479,hotmail.com,LightPink,34.60624245261783,11.761883803681748,38.12651979793058,1.8208106181524435,402.1671222237256,Melindaberg,KY
480,hotmail.com,WhiteSmoke,34.23824191192028,11.550300110865926,35.769329630500295,4.183143661726128,551.0230017027826,Port Laura,CA
481,mendoza-mills.com,MediumOrchid,32.04781463313985,12.482669924970503,35.536024530304154,3.393902788069372,497.38955775884335,South Jeremy,KS
482,ramos.net,Olive,30.97167564388777,11.731364294077403,36.074551140168914,4.4263640805293125,494.6386097568927,Stevensfurt,CT
483,hotmail.com,MistyRose,33.60685082311888,12.21407374586628,37.198427822725975,2.905238361446573,479.2474167840931,Kellymouth,OK
484,smith-gordon.com,DarkRed,33.44812500934655,11.903756682535942,36.87454360467994,2.782757828499416,462.65651893471335,North Ashleyside,AZ
485,logan.com,Pink,33.36938093820547,12.222483941893726,36.35523488364423,3.4470177927906893,515.5024796636585,Lake Thomasberg,MO
486,gmail.com,DarkGray,33.452295280190306,12.005916370756166,36.53409567089256,4.712233578509766,576.4776071703129,Karentown,IA
487,price.com,Orchid,32.90469244491627,11.91374515283876,36.058647603220486,1.2281124234144234,357.85798360521926,Brightside,IA
488,wright.com,PeachPuff,35.63085386109822,12.125401967944384,38.18776368086846,4.019051426800219,597.7398788791847,Scotthaven,SC
489,wheeler.net,Magenta,32.2463499961189,11.30555143041474,37.13312675937632,1.7073897286757314,327.37795258965207,Amandaberg,GU
490,sanchez.org,GhostWhite,34.69559119111866,11.608997070875462,37.68487727530606,3.1630919310737573,510.4013884525048,Lake Sherryfurt,GA
491,hotmail.com,SeaShell,34.34392190842758,11.693058197072652,36.81293412550146,3.4470928961368963,510.50147847479735,East Jasonview,MN
492,gmail.com,DarkBlue,33.68093694960616,11.201569884684467,37.83544772741218,2.208813678005546,403.8195198321978,Robertsshire,VA
493,lowery.net,MediumSeaGreen,32.06091439841006,12.625432642053951,35.539142427505084,5.412357839551379,627.603318713015,Churchville,MO
494,chan.biz,DarkTurquoise,33.431097102487136,13.35063168445937,37.96597162275134,2.768851943263104,510.661792219672,Juliabury,VI
495,craig-evans.com,Tan,33.23765998436727,13.566159613087605,36.4179847963968,3.746572973103466,573.8474377162277,Lake Jamiefurt,UT
496,gmail.com,PaleVioletRed,34.70252897286158,11.695736293481328,37.1902677104526,3.5765259152594644,529.0490041294304,West Richard,CA
497,hotmail.com,Cornsilk,32.64677668060689,11.499409061002083,38.33257633196044,4.958264472618698,551.6201454762476,South Chadburgh,TN
498,hotmail.com,Teal,33.322501051305466,12.391422991118318,36.84008572976701,2.336484668112853,456.469510066298,Brendachester,TX
499,davidson.com,DarkMagenta,33.71598091844986,12.418808324753911,35.771016191612965,2.735159567082275,497.7786422156802,East Drewborough,OR
